{
    "name": "BlobToSQLReviews",
    "properties": {
        "description": "From local I uploaded data to Blob and using pipeline it will get transferred to SQL Storage ",
        "activities": [
            {
                "name": "BlobToSQLReviews",
                "type": "Copy",
                "dependsOn": [],
                "policy": {
                    "timeout": "0.12:00:00",
                    "retry": 0,
                    "retryIntervalInSeconds": 30,
                    "secureOutput": false,
                    "secureInput": false
                },
                "userProperties": [],
                "typeProperties": {
                    "source": {
                        "type": "DelimitedTextSource",
                        "storeSettings": {
                            "type": "AzureBlobStorageReadSettings",
                            "recursive": true,
                            "enablePartitionDiscovery": false
                        },
                        "formatSettings": {
                            "type": "DelimitedTextReadSettings"
                        }
                    },
                    "sink": {
                        "type": "AzureSqlSink",
                        "writeBehavior": "insert",
                        "sqlWriterUseTableLock": false
                    },
                    "enableStaging": false,
                    "translator": {
                        "type": "TabularTranslator",
                        "mappings": [
                            {
                                "source": {
                                    "name": "listing_id",
                                    "type": "String",
                                    "physicalType": "String"
                                },
                                "sink": {
                                    "name": "listing_id",
                                    "type": "String",
                                    "physicalType": "varchar"
                                }
                            },
                            {
                                "source": {
                                    "name": "review_id",
                                    "type": "String",
                                    "physicalType": "String"
                                },
                                "sink": {
                                    "name": "review_id",
                                    "type": "String",
                                    "physicalType": "varchar"
                                }
                            },
                            {
                                "source": {
                                    "name": "date",
                                    "type": "String",
                                    "physicalType": "String"
                                },
                                "sink": {
                                    "name": "date",
                                    "type": "String",
                                    "physicalType": "varchar"
                                }
                            },
                            {
                                "source": {
                                    "name": "reviewer_id",
                                    "type": "String",
                                    "physicalType": "String"
                                },
                                "sink": {
                                    "name": "reviewer_id",
                                    "type": "String",
                                    "physicalType": "varchar"
                                }
                            }
                        ],
                        "typeConversion": true,
                        "typeConversionSettings": {
                            "allowDataTruncation": true,
                            "treatBooleanAsNumber": false
                        }
                    }
                },
                "inputs": [
                    {
                        "referenceName": "ReviewsInBlob",
                        "type": "DatasetReference"
                    }
                ],
                "outputs": [
                    {
                        "referenceName": "AzureSqlTableReviews",
                        "type": "DatasetReference"
                    }
                ]
            }
        ],
        "annotations": [],
        "lastPublishTime": "2024-08-01T12:15:14Z"
    },
    "type": "Microsoft.DataFactory/factories/pipelines"
}