{
    "name": "CombiningDataFrom3Sources",
    "properties": {
        "type": "MappingDataFlow",
        "typeProperties": {
            "sources": [
                {
                    "dataset": {
                        "referenceName": "part1fromdatalake",
                        "type": "DatasetReference"
                    },
                    "name": "part1dataset"
                },
                {
                    "dataset": {
                        "referenceName": "ParquetPart2",
                        "type": "DatasetReference"
                    },
                    "name": "part2dataset",
                    "description": "datasetInParquet(from databricks)"
                },
                {
                    "dataset": {
                        "referenceName": "AzureSqlTableReviews",
                        "type": "DatasetReference"
                    },
                    "name": "source1"
                }
            ],
            "sinks": [
                {
                    "dataset": {
                        "referenceName": "CosmosDbNoSqlContainer1",
                        "type": "DatasetReference"
                    },
                    "name": "sinkCosmosDB"
                }
            ],
            "transformations": [
                {
                    "name": "unionOfPart1andPart2",
                    "description": "Combining rows from transformation 'part1dataset' and 'part2dataset'"
                },
                {
                    "name": "joinListingAndReviews"
                }
            ],
            "scriptLines": [
                "source(allowSchemaDrift: true,",
                "     validateSchema: false,",
                "     ignoreNoFilesFound: false) ~> part1dataset",
                "source(output(",
                "          review_id as string,",
                "          listing_id as string,",
                "          name as string,",
                "          host_id as string,",
                "          host_since as string,",
                "          host_location as string,",
                "          host_response_time as string,",
                "          host_response_rate as string,",
                "          host_acceptance_rate as string,",
                "          host_is_superhost as string,",
                "          host_total_listings_count as string,",
                "          host_has_profile_pic as string,",
                "          host_identity_verified as string,",
                "          neighbourhood as string,",
                "          district as string,",
                "          city as string,",
                "          latitude as string,",
                "          longitude as string,",
                "          property_type as string,",
                "          room_type as string,",
                "          accommodates as string,",
                "          bedrooms as string,",
                "          amenities as string,",
                "          price as string,",
                "          minimum_nights as string,",
                "          maximum_nights as string,",
                "          review_scores_rating as string,",
                "          review_scores_accuracy as string,",
                "          review_scores_cleanliness as string,",
                "          review_scores_checkin as string,",
                "          review_scores_communication as string,",
                "          review_scores_location as string,",
                "          review_scores_value as string,",
                "          instant_bookable as string",
                "     ),",
                "     allowSchemaDrift: true,",
                "     validateSchema: false,",
                "     ignoreNoFilesFound: false,",
                "     format: 'parquet') ~> part2dataset",
                "source(output(",
                "          listing_id as string,",
                "          review_id as string,",
                "          date as date,",
                "          reviewer_id as integer",
                "     ),",
                "     allowSchemaDrift: true,",
                "     validateSchema: false,",
                "     isolationLevel: 'READ_UNCOMMITTED',",
                "     format: 'table') ~> source1",
                "part1dataset, part2dataset union(byName: true)~> unionOfPart1andPart2",
                "unionOfPart1andPart2, source1 join(unionOfPart1andPart2@review_id == source1@review_id,",
                "     joinType:'left',",
                "     matchType:'exact',",
                "     ignoreSpaces: false,",
                "     broadcast: 'auto')~> joinListingAndReviews",
                "joinListingAndReviews sink(allowSchemaDrift: true,",
                "     validateSchema: false,",
                "     deletable:false,",
                "     insertable:false,",
                "     updateable:false,",
                "     upsertable:true,",
                "     format: 'document',",
                "     skipDuplicateMapInputs: true,",
                "     skipDuplicateMapOutputs: true) ~> sinkCosmosDB"
            ]
        }
    }
}