{
    "name": "ReviewsInBlob",
    "properties": {
        "linkedServiceName": {
            "referenceName": "AzureBlobStorage",
            "type": "LinkedServiceReference"
        },
        "annotations": [],
        "type": "DelimitedText",
        "typeProperties": {
            "location": {
                "type": "AzureBlobStorageLocation",
                "fileName": "Reviews.csv",
                "container": "inputstorage"
            },
            "columnDelimiter": ",",
            "escapeChar": "\\",
            "firstRowAsHeader": true,
            "quoteChar": "\""
        },
        "schema": [
            {
                "name": "listing_id",
                "type": "String"
            },
            {
                "name": "review_id",
                "type": "String"
            },
            {
                "name": "date",
                "type": "String"
            },
            {
                "name": "reviewer_id",
                "type": "String"
            }
        ]
    },
    "type": "Microsoft.DataFactory/factories/datasets"
}