{
    "name": "GitToDatalakeAndJoiningTables",
    "properties": {
        "description": "I am taking data from GIT and storing it into the datalake",
        "activities": [
            {
                "name": "GitToDatalake",
                "type": "Copy",
                "dependsOn": [],
                "policy": {
                    "timeout": "0.12:00:00",
                    "retry": 0,
                    "retryIntervalInSeconds": 30,
                    "secureOutput": false,
                    "secureInput": false
                },
                "userProperties": [],
                "typeProperties": {
                    "source": {
                        "type": "DelimitedTextSource",
                        "storeSettings": {
                            "type": "HttpReadSettings",
                            "requestMethod": "GET"
                        },
                        "formatSettings": {
                            "type": "DelimitedTextReadSettings"
                        }
                    },
                    "sink": {
                        "type": "DelimitedTextSink",
                        "storeSettings": {
                            "type": "AzureBlobFSWriteSettings"
                        },
                        "formatSettings": {
                            "type": "DelimitedTextWriteSettings",
                            "quoteAllText": true,
                            "fileExtension": ".txt"
                        }
                    },
                    "enableStaging": false,
                    "translator": {
                        "type": "TabularTranslator",
                        "mappings": [
                            {
                                "source": {
                                    "name": "review_id",
                                    "type": "String",
                                    "physicalType": "String"
                                },
                                "sink": {
                                    "name": "review_id",
                                    "type": "String",
                                    "physicalType": "String"
                                }
                            },
                            {
                                "source": {
                                    "name": "listing_id",
                                    "type": "String",
                                    "physicalType": "String"
                                },
                                "sink": {
                                    "name": "listing_id",
                                    "type": "String",
                                    "physicalType": "String"
                                }
                            },
                            {
                                "source": {
                                    "name": "name",
                                    "type": "String",
                                    "physicalType": "String"
                                },
                                "sink": {
                                    "name": "name",
                                    "type": "String",
                                    "physicalType": "String"
                                }
                            },
                            {
                                "source": {
                                    "name": "host_id",
                                    "type": "String",
                                    "physicalType": "String"
                                },
                                "sink": {
                                    "name": "host_id",
                                    "type": "String",
                                    "physicalType": "String"
                                }
                            },
                            {
                                "source": {
                                    "name": "host_since",
                                    "type": "String",
                                    "physicalType": "String"
                                },
                                "sink": {
                                    "name": "host_since",
                                    "type": "String",
                                    "physicalType": "String"
                                }
                            },
                            {
                                "source": {
                                    "name": "host_location",
                                    "type": "String",
                                    "physicalType": "String"
                                },
                                "sink": {
                                    "name": "host_location",
                                    "type": "String",
                                    "physicalType": "String"
                                }
                            },
                            {
                                "source": {
                                    "name": "host_response_time",
                                    "type": "String",
                                    "physicalType": "String"
                                },
                                "sink": {
                                    "name": "host_response_time",
                                    "type": "String",
                                    "physicalType": "String"
                                }
                            },
                            {
                                "source": {
                                    "name": "host_response_rate",
                                    "type": "String",
                                    "physicalType": "String"
                                },
                                "sink": {
                                    "name": "host_response_rate",
                                    "type": "String",
                                    "physicalType": "String"
                                }
                            },
                            {
                                "source": {
                                    "name": "host_acceptance_rate",
                                    "type": "String",
                                    "physicalType": "String"
                                },
                                "sink": {
                                    "name": "host_acceptance_rate",
                                    "type": "String",
                                    "physicalType": "String"
                                }
                            },
                            {
                                "source": {
                                    "name": "host_is_superhost",
                                    "type": "String",
                                    "physicalType": "String"
                                },
                                "sink": {
                                    "name": "host_is_superhost",
                                    "type": "String",
                                    "physicalType": "String"
                                }
                            },
                            {
                                "source": {
                                    "name": "host_total_listings_count",
                                    "type": "String",
                                    "physicalType": "String"
                                },
                                "sink": {
                                    "name": "host_total_listings_count",
                                    "type": "String",
                                    "physicalType": "String"
                                }
                            },
                            {
                                "source": {
                                    "name": "host_has_profile_pic",
                                    "type": "String",
                                    "physicalType": "String"
                                },
                                "sink": {
                                    "name": "host_has_profile_pic",
                                    "type": "String",
                                    "physicalType": "String"
                                }
                            },
                            {
                                "source": {
                                    "name": "host_identity_verified",
                                    "type": "String",
                                    "physicalType": "String"
                                },
                                "sink": {
                                    "name": "host_identity_verified",
                                    "type": "String",
                                    "physicalType": "String"
                                }
                            },
                            {
                                "source": {
                                    "name": "neighbourhood",
                                    "type": "String",
                                    "physicalType": "String"
                                },
                                "sink": {
                                    "name": "neighbourhood",
                                    "type": "String",
                                    "physicalType": "String"
                                }
                            },
                            {
                                "source": {
                                    "name": "district",
                                    "type": "String",
                                    "physicalType": "String"
                                },
                                "sink": {
                                    "name": "district",
                                    "type": "String",
                                    "physicalType": "String"
                                }
                            },
                            {
                                "source": {
                                    "name": "city",
                                    "type": "String",
                                    "physicalType": "String"
                                },
                                "sink": {
                                    "name": "city",
                                    "type": "String",
                                    "physicalType": "String"
                                }
                            },
                            {
                                "source": {
                                    "name": "latitude",
                                    "type": "String",
                                    "physicalType": "String"
                                },
                                "sink": {
                                    "name": "latitude",
                                    "type": "String",
                                    "physicalType": "String"
                                }
                            },
                            {
                                "source": {
                                    "name": "longitude",
                                    "type": "String",
                                    "physicalType": "String"
                                },
                                "sink": {
                                    "name": "longitude",
                                    "type": "String",
                                    "physicalType": "String"
                                }
                            },
                            {
                                "source": {
                                    "name": "property_type",
                                    "type": "String",
                                    "physicalType": "String"
                                },
                                "sink": {
                                    "name": "property_type",
                                    "type": "String",
                                    "physicalType": "String"
                                }
                            },
                            {
                                "source": {
                                    "name": "room_type",
                                    "type": "String",
                                    "physicalType": "String"
                                },
                                "sink": {
                                    "name": "room_type",
                                    "type": "String",
                                    "physicalType": "String"
                                }
                            },
                            {
                                "source": {
                                    "name": "accommodates",
                                    "type": "String",
                                    "physicalType": "String"
                                },
                                "sink": {
                                    "name": "accommodates",
                                    "type": "String",
                                    "physicalType": "String"
                                }
                            },
                            {
                                "source": {
                                    "name": "bedrooms",
                                    "type": "String",
                                    "physicalType": "String"
                                },
                                "sink": {
                                    "name": "bedrooms",
                                    "type": "String",
                                    "physicalType": "String"
                                }
                            },
                            {
                                "source": {
                                    "name": "amenities",
                                    "type": "String",
                                    "physicalType": "String"
                                },
                                "sink": {
                                    "name": "amenities",
                                    "type": "String",
                                    "physicalType": "String"
                                }
                            },
                            {
                                "source": {
                                    "name": "price",
                                    "type": "String",
                                    "physicalType": "String"
                                },
                                "sink": {
                                    "name": "price",
                                    "type": "String",
                                    "physicalType": "String"
                                }
                            },
                            {
                                "source": {
                                    "name": "minimum_nights",
                                    "type": "String",
                                    "physicalType": "String"
                                },
                                "sink": {
                                    "name": "minimum_nights",
                                    "type": "String",
                                    "physicalType": "String"
                                }
                            },
                            {
                                "source": {
                                    "name": "maximum_nights",
                                    "type": "String",
                                    "physicalType": "String"
                                },
                                "sink": {
                                    "name": "maximum_nights",
                                    "type": "String",
                                    "physicalType": "String"
                                }
                            },
                            {
                                "source": {
                                    "name": "review_scores_rating",
                                    "type": "String",
                                    "physicalType": "String"
                                },
                                "sink": {
                                    "name": "review_scores_rating",
                                    "type": "String",
                                    "physicalType": "String"
                                }
                            },
                            {
                                "source": {
                                    "name": "review_scores_accuracy",
                                    "type": "String",
                                    "physicalType": "String"
                                },
                                "sink": {
                                    "name": "review_scores_accuracy",
                                    "type": "String",
                                    "physicalType": "String"
                                }
                            },
                            {
                                "source": {
                                    "name": "review_scores_cleanliness",
                                    "type": "String",
                                    "physicalType": "String"
                                },
                                "sink": {
                                    "name": "review_scores_cleanliness",
                                    "type": "String",
                                    "physicalType": "String"
                                }
                            },
                            {
                                "source": {
                                    "name": "review_scores_checkin",
                                    "type": "String",
                                    "physicalType": "String"
                                },
                                "sink": {
                                    "name": "review_scores_checkin",
                                    "type": "String",
                                    "physicalType": "String"
                                }
                            },
                            {
                                "source": {
                                    "name": "review_scores_communication",
                                    "type": "String",
                                    "physicalType": "String"
                                },
                                "sink": {
                                    "name": "review_scores_communication",
                                    "type": "String",
                                    "physicalType": "String"
                                }
                            },
                            {
                                "source": {
                                    "name": "review_scores_location",
                                    "type": "String",
                                    "physicalType": "String"
                                },
                                "sink": {
                                    "name": "review_scores_location",
                                    "type": "String",
                                    "physicalType": "String"
                                }
                            },
                            {
                                "source": {
                                    "name": "review_scores_value",
                                    "type": "String",
                                    "physicalType": "String"
                                },
                                "sink": {
                                    "name": "review_scores_value",
                                    "type": "String",
                                    "physicalType": "String"
                                }
                            },
                            {
                                "source": {
                                    "name": "instant_bookable",
                                    "type": "String",
                                    "physicalType": "String"
                                },
                                "sink": {
                                    "name": "instant_bookable",
                                    "type": "String",
                                    "physicalType": "String"
                                }
                            }
                        ],
                        "typeConversion": true,
                        "typeConversionSettings": {
                            "allowDataTruncation": true,
                            "treatBooleanAsNumber": false
                        }
                    }
                },
                "inputs": [
                    {
                        "referenceName": "Part1FromGIT",
                        "type": "DatasetReference"
                    }
                ],
                "outputs": [
                    {
                        "referenceName": "part1fromdatalake",
                        "type": "DatasetReference"
                    }
                ]
            },
            {
                "name": "CombiningAndJoiningTables",
                "type": "ExecuteDataFlow",
                "dependsOn": [
                    {
                        "activity": "GitToDatalake",
                        "dependencyConditions": [
                            "Completed"
                        ]
                    }
                ],
                "policy": {
                    "timeout": "0.12:00:00",
                    "retry": 0,
                    "retryIntervalInSeconds": 30,
                    "secureOutput": false,
                    "secureInput": false
                },
                "userProperties": [],
                "typeProperties": {
                    "dataflow": {
                        "referenceName": "CombiningDataFrom3Sources",
                        "type": "DataFlowReference"
                    },
                    "compute": {
                        "coreCount": 8,
                        "computeType": "General"
                    },
                    "traceLevel": "Fine"
                }
            },
            {
                "name": "TransformationAndStoringInSQL",
                "type": "DatabricksNotebook",
                "dependsOn": [
                    {
                        "activity": "CombiningAndJoiningTables",
                        "dependencyConditions": [
                            "Completed"
                        ]
                    }
                ],
                "policy": {
                    "timeout": "0.12:00:00",
                    "retry": 0,
                    "retryIntervalInSeconds": 30,
                    "secureOutput": false,
                    "secureInput": false
                },
                "userProperties": [],
                "typeProperties": {
                    "notebookPath": "/Users/vp7447@outlook.com/CosmosToNBAndTransformationAndSQL"
                },
                "linkedServiceName": {
                    "referenceName": "AzureDatabricks1",
                    "type": "LinkedServiceReference"
                }
            },
            {
                "name": "VisualizationToDashboard",
                "type": "DatabricksNotebook",
                "dependsOn": [
                    {
                        "activity": "TransformationAndStoringInSQL",
                        "dependencyConditions": [
                            "Completed"
                        ]
                    }
                ],
                "policy": {
                    "timeout": "0.12:00:00",
                    "retry": 0,
                    "retryIntervalInSeconds": 30,
                    "secureOutput": false,
                    "secureInput": false
                },
                "userProperties": [],
                "typeProperties": {
                    "notebookPath": "/Users/vp7447@outlook.com/SQLToNotebookAndVisualisation"
                },
                "linkedServiceName": {
                    "referenceName": "AzureDatabricks1",
                    "type": "LinkedServiceReference"
                }
            }
        ],
        "annotations": [],
        "lastPublishTime": "2024-08-02T08:52:17Z"
    },
    "type": "Microsoft.DataFactory/factories/pipelines"
}