{
    "now": "2024-08-13T17:17:13.482Z",
    "perfNow": 33033.59999990463,
    "diagnosticCorrelation": "34b294fc-400f-4e9a-8171-e654036c127f",
    "source": "DownloadSupportFiles",
    "environment": {
        "productName": "adf",
        "buildVersion": "1.0.080224.3",
        "environmentType": 3,
        "resourceName": "DFCapstoneProject",
        "resourceRegion": "centralus",
        "resourceGroup": "capstoneresource",
        "subscriptionId": "87590145-5f86-49f5-8e7a-37f3e874abcf",
        "sessionId": "itirmJQYJ4Nin7i8bRnsmi",
        "operationId": "",
        "gitType": "live",
        "loggingKey": "bc7f25c2-9a82-455e-b5e5-5d3685145ef0"
    },
    "additionalInfo": {
        "selectedResource": "BlobToSQLReviews",
        "selectedResourceType": "pipeline"
    }
}