{
    "now": "2024-08-13T17:17:53.812Z",
    "perfNow": 73363.59999990463,
    "diagnosticCorrelation": "46e4b118-d9d8-466b-bec0-54f818a6f9ee",
    "source": "DownloadSupportFiles",
    "environment": {
        "productName": "adf",
        "buildVersion": "1.0.080224.3",
        "environmentType": 3,
        "resourceName": "DFCapstoneProject",
        "resourceRegion": "centralus",
        "resourceGroup": "capstoneresource",
        "subscriptionId": "87590145-5f86-49f5-8e7a-37f3e874abcf",
        "sessionId": "itirmJQYJ4Nin7i8bRnsmi",
        "operationId": "",
        "gitType": "live",
        "loggingKey": "bc7f25c2-9a82-455e-b5e5-5d3685145ef0"
    },
    "additionalInfo": {
        "selectedResource": "GitToDatalakeAndJoiningTables",
        "selectedResourceType": "pipeline"
    }
}