{
    "now": "2024-08-13T17:18:05.911Z",
    "perfNow": 85462.29999995232,
    "diagnosticCorrelation": "a428b839-9174-490f-a5c9-9f2d1a92d08b",
    "source": "DownloadSupportFiles",
    "environment": {
        "productName": "adf",
        "buildVersion": "1.0.080224.3",
        "environmentType": 3,
        "resourceName": "DFCapstoneProject",
        "resourceRegion": "centralus",
        "resourceGroup": "capstoneresource",
        "subscriptionId": "87590145-5f86-49f5-8e7a-37f3e874abcf",
        "sessionId": "itirmJQYJ4Nin7i8bRnsmi",
        "operationId": "",
        "gitType": "live",
        "loggingKey": "bc7f25c2-9a82-455e-b5e5-5d3685145ef0"
    },
    "additionalInfo": {
        "selectedResource": "CombiningDataFrom3Sources",
        "selectedResourceType": "dataflow"
    }
}