{
    "name": "AzureSqlTableReviews",
    "properties": {
        "linkedServiceName": {
            "referenceName": "AzureSqlDatabase",
            "type": "LinkedServiceReference"
        },
        "annotations": [],
        "type": "AzureSqlTable",
        "schema": [
            {
                "name": "listing_id",
                "type": "int",
                "precision": 10
            },
            {
                "name": "review_id",
                "type": "int",
                "precision": 10
            },
            {
                "name": "date",
                "type": "date"
            },
            {
                "name": "reviewer_id",
                "type": "int",
                "precision": 10
            }
        ],
        "typeProperties": {
            "schema": "dbo",
            "table": "reviews"
        }
    },
    "type": "Microsoft.DataFactory/factories/datasets"
}