{
    "name": "ParquetPart2",
    "properties": {
        "linkedServiceName": {
            "referenceName": "AzureBlobStorage",
            "type": "LinkedServiceReference"
        },
        "annotations": [],
        "type": "Parquet",
        "typeProperties": {
            "location": {
                "type": "AzureBlobStorageLocation",
                "fileName": "part-00000-tid-3228057533297561412-9319ceec-b835-486d-913f-7214efb42615-8-1.c000.snappy.parquet",
                "container": "parquetfromdatabricks"
            },
            "compressionCodec": "snappy"
        },
        "schema": [
            {
                "name": "review_id",
                "type": "INT_32"
            },
            {
                "name": "listing_id",
                "type": "INT_32"
            },
            {
                "name": "name",
                "type": "UTF8"
            },
            {
                "name": "host_id",
                "type": "UTF8"
            },
            {
                "name": "host_since",
                "type": "UTF8"
            },
            {
                "name": "host_location",
                "type": "UTF8"
            },
            {
                "name": "host_response_time",
                "type": "UTF8"
            },
            {
                "name": "host_response_rate",
                "type": "UTF8"
            },
            {
                "name": "host_acceptance_rate",
                "type": "UTF8"
            },
            {
                "name": "host_is_superhost",
                "type": "UTF8"
            },
            {
                "name": "host_total_listings_count",
                "type": "UTF8"
            },
            {
                "name": "host_has_profile_pic",
                "type": "UTF8"
            },
            {
                "name": "host_identity_verified",
                "type": "UTF8"
            },
            {
                "name": "neighbourhood",
                "type": "UTF8"
            },
            {
                "name": "district",
                "type": "UTF8"
            },
            {
                "name": "city",
                "type": "UTF8"
            },
            {
                "name": "latitude",
                "type": "UTF8"
            },
            {
                "name": "longitude",
                "type": "UTF8"
            },
            {
                "name": "property_type",
                "type": "UTF8"
            },
            {
                "name": "room_type",
                "type": "UTF8"
            },
            {
                "name": "accommodates",
                "type": "UTF8"
            },
            {
                "name": "bedrooms",
                "type": "UTF8"
            },
            {
                "name": "amenities",
                "type": "UTF8"
            },
            {
                "name": "price",
                "type": "UTF8"
            },
            {
                "name": "minimum_nights",
                "type": "UTF8"
            },
            {
                "name": "maximum_nights",
                "type": "UTF8"
            },
            {
                "name": "review_scores_rating",
                "type": "INT_32"
            },
            {
                "name": "review_scores_accuracy",
                "type": "INT_32"
            },
            {
                "name": "review_scores_cleanliness",
                "type": "INT_32"
            },
            {
                "name": "review_scores_checkin",
                "type": "INT_32"
            },
            {
                "name": "review_scores_communication",
                "type": "INT_32"
            },
            {
                "name": "review_scores_location",
                "type": "INT_32"
            },
            {
                "name": "review_scores_value",
                "type": "INT_32"
            },
            {
                "name": "instant_bookable",
                "type": "UTF8"
            }
        ]
    },
    "type": "Microsoft.DataFactory/factories/datasets"
}